<?xml version="1.0" encoding="UTF-8"?>
<project-private xmlns="http://www.netbeans.org/ns/project-private/1">
    <editor-bookmarks xmlns="http://www.netbeans.org/ns/editor-bookmarks/2" lastBookmarkId="0"/>
    <open-files xmlns="http://www.netbeans.org/ns/projectui-open-files/2">
        <group>
            <file>file:/C:/Users/bowsnickiklewe/Documents/gits/Dev/cen4078/workspace/Factories/src/factory/factory/PastTime.java</file>
            <file>file:/C:/Users/bowsnickiklewe/Documents/gits/Dev/cen4078/workspace/Factories/src/abstractfactory/classes/os1/OS1Menu.java</file>
            <file>file:/C:/Users/bowsnickiklewe/Documents/gits/Dev/cen4078/workspace/Factories/src/abstractfactory/classes/Menu.java</file>
            <file>file:/C:/Users/bowsnickiklewe/Documents/gits/Dev/cen4078/workspace/Factories/src/abstractfactory/classes/Button.java</file>
            <file>file:/C:/Users/bowsnickiklewe/Documents/gits/Dev/cen4078/workspace/Factories/config/config.properties</file>
            <file>file:/C:/Users/bowsnickiklewe/Documents/gits/Dev/cen4078/workspace/Factories/src/factory/factory/FactoryDemo.java</file>
            <file>file:/C:/Users/bowsnickiklewe/Documents/gits/Dev/cen4078/workspace/Factories/src/factory/factory/Racing.java</file>
            <file>file:/C:/Users/bowsnickiklewe/Documents/gits/Dev/cen4078/workspace/Factories/src/abstractfactory/factory/OS1GUIFactory.java</file>
            <file>file:/C:/Users/bowsnickiklewe/Documents/gits/Dev/cen4078/workspace/Factories/src/abstractfactory/factory/AbstractFactoryDemo.java</file>
            <file>file:/C:/Users/bowsnickiklewe/Documents/gits/Dev/cen4078/workspace/Factories/src/abstractfactory/classes/os1/OS1Button.java</file>
            <file>file:/C:/Users/bowsnickiklewe/Documents/gits/Dev/cen4078/workspace/Factories/src/abstractfactory/factory/AbstractFactory.java</file>
            <file>file:/C:/Users/bowsnickiklewe/Documents/gits/Dev/cen4078/workspace/Factories/src/factory/classes/Ferrari.java</file>
            <file>file:/C:/Users/bowsnickiklewe/Documents/gits/Dev/cen4078/workspace/Factories/src/factory/classes/Bicycle.java</file>
            <file>file:/C:/Users/bowsnickiklewe/Documents/gits/Dev/cen4078/workspace/Factories/src/abstractfactory/classes/os2/OS2Button.java</file>
            <file>file:/C:/Users/bowsnickiklewe/Documents/gits/Dev/cen4078/workspace/Factories/src/abstractfactory/factory/PropertiesDemo.java</file>
            <file>file:/C:/Users/bowsnickiklewe/Documents/gits/Dev/cen4078/workspace/Factories/src/abstractfactory/factory/OS2GUIFactory.java</file>
            <file>file:/C:/Users/bowsnickiklewe/Documents/gits/Dev/cen4078/workspace/Factories/src/abstractfactory/factory/PropertyReader.java</file>
            <file>file:/C:/Users/bowsnickiklewe/Documents/gits/Dev/cen4078/workspace/Factories/src/factory/factory/Biking.java</file>
            <file>file:/C:/Users/bowsnickiklewe/Documents/gits/Dev/cen4078/workspace/Factories/src/abstractfactory/factory/GUIFactory.java</file>
            <file>file:/C:/Users/bowsnickiklewe/Documents/gits/Dev/cen4078/workspace/Factories/src/abstractfactory/classes/os2/OS2Menu.java</file>
            <file>file:/C:/Users/bowsnickiklewe/Documents/gits/Dev/cen4078/workspace/Factories/src/factory/classes/Vehicle.java</file>
        </group>
    </open-files>
</project-private>
